{
    "loss": [
        8.976303100585938,
        8.714662551879883,
        8.334434509277344,
        8.024924278259277,
        7.7142014503479
    ],
    "acc": [
        0.10037339478731155,
        0.09990517795085907,
        0.11446318030357361,
        0.13534969091415405,
        0.13662222027778625
    ]
}